id,created_at,updated_at,first_name,last_name,email,address,city,post_code,email_marketing_status,email_opted_out_date
1,2021-08-06 08:43:30,2023-08-01 11:27:06,Clifford,Ray,clifford.ray@example.com,989 Kelsey Route Suite 859,East Davidport,20598,opted_in,
2,2021-05-10 00:03:01,2023-08-03 04:37:15,Zachary,Riley,zachary.riley@example.com,350 Veronica Squares,Lauraside,68834,opted_in,
3,2020-09-10 19:04:19,2023-08-01 13:42:12,Katherine,Flores,katherine.flores@example.com,54243 Lopez Hollow Apt. 636,Lake Maxwellside,33813,opted_in,
4,2020-11-25 14:30:59,2023-08-02 19:19:01,Nicholas,Tucker,nicholas.tucker@example.com,946 Amanda Wells,Moyerton,04017,opted_in,
5,2022-03-02 09:30:29,2023-08-02 12:16:14,Megan,Duran,megan.duran@example.com,0513 Nicholas Highway Suite 738,East Sierraburgh,42158,opted_in,
6,2020-04-28 05:14:01,2023-08-01 23:36:41,Mark,Jenkins,mark.jenkins@example.com,087 Chen Fork Suite 201,Hintonport,01948,opted_in,
7,2021-06-18 15:58:35,2023-08-02 04:23:00,Ryan,Yates,ryan.yates@example.com,478 Deborah Ramp,Lake Jenniferton,37432,opted_out,2023-06-09 20:03:39
8,2022-04-24 08:21:18,2023-08-03 06:26:57,Stephen,Macdonald,stephen.macdonald@example.com,407 Julia Flat Suite 510,Huffmantown,07356,opted_in,
9,2023-04-26 01:14:22,2023-08-04 06:57:33,Rachel,Edwards,rachel.edwards@example.com,498 Erin Trace Apt. 433,Port Sylviaside,18720,opted_in,
10,2021-11-01 11:58:47,2023-08-03 01:16:16,Joseph,Hayden,joseph.hayden@example.com,138 Andrews Skyway,Lake William,75152,opted_in,
11,2021-09-07 19:00:21,2023-08-01 23:20:43,Lori,Guzman,lori.guzman@example.com,0390 Kristina Mount,Lake Stacey,82379,opted_in,
12,2020-05-15 11:24:31,2023-08-03 18:31:41,Alexander,Bryant,alexander.bryant@example.com,4713 Walsh Mews Apt. 151,Michaelmouth,92003,opted_in,
13,2022-05-24 22:10:15,2023-08-01 13:25:09,Jeremy,Brown,jeremy.brown@example.com,1227 Cunningham Junctions,Stacyside,98970,opted_in,
14,2022-08-06 12:08:51,2023-08-01 22:50:32,Brenda,Thompson,brenda.thompson@example.com,895 Sara Motorway Apt. 717,Port Tina,57697,opted_out,2023-04-16 10:36:09
15,2021-10-12 22:18:19,2023-08-02 21:58:24,Sara,Lee,sara.lee@example.com,378 Martinez Estate Apt. 182,Owensborough,33636,opted_in,
16,2021-06-25 02:01:20,2023-08-01 21:34:10,Jennifer,Carpenter,jennifer.carpenter@example.com,82988 Mills Villages,Chavezberg,17700,opted_in,
17,2023-03-25 18:32:17,2023-08-03 09:46:08,Jennifer,Kirk,jennifer.kirk@example.com,4794 Bowman Dam Suite 687,Christyside,73184,opted_out,2023-02-06 01:54:08
18,2023-01-23 13:54:18,2023-08-03 06:04:03,Joseph,Brown,joseph.brown@example.com,660 Jasmine Pines,Rachelfurt,54690,opted_out,2023-01-05 16:43:14
19,2022-01-17 05:25:45,2023-08-02 09:06:53,Brian,Brooks,brian.brooks@example.com,5766 William Crest Suite 253,Crystalbury,34761,opted_in,
20,2023-07-10 22:17:23,2023-08-04 10:41:40,Melissa,Velez,melissa.velez@example.com,85238 Lauren Trafficway,Port Kathy,38167,opted_in,
21,2021-12-04 13:24:09,2023-08-01 08:22:59,Jennifer,Mendoza,jennifer.mendoza@example.com,296 Lawson Locks Suite 287,North Michaelburgh,40878,opted_out,2023-05-22 22:22:13
22,2021-05-30 07:24:08,2023-08-04 12:45:01,Traci,Allen,traci.allen@example.com,3524 Harris Island Suite 040,Evansborough,91197,opted_out,2023-03-29 03:20:43
23,2022-12-28 00:31:47,2023-08-03 02:25:29,Wesley,King,wesley.king@example.com,98372 Candace Dam,North Adrian,31258,opted_in,
24,2022-09-18 18:05:15,2023-08-04 05:35:24,James,Randall,james.randall@example.com,05316 Gross Stravenue Apt. 792,Toddbury,67678,opted_out,2023-07-24 16:32:31
25,2021-06-01 03:22:37,2023-08-01 07:03:09,Wanda,Levy,wanda.levy@example.com,1065 Jason Dam,Ericburgh,23483,opted_in,
26,2022-11-18 07:45:55,2023-08-02 20:02:27,Frank,Francis,frank.francis@example.com,428 Perry Plains Apt. 885,Whitakerview,58219,opted_out,2023-07-31 13:48:00
27,2022-08-26 08:40:25,2023-08-03 13:25:27,Christian,Hernandez,christian.hernandez@example.com,04039 Ryan Villages Suite 379,Hallstad,74406,opted_in,
28,2020-07-13 07:20:22,2023-08-01 23:41:59,Julia,Gardner,julia.gardner@example.com,852 Jennifer Burg Suite 302,Jamesfurt,21873,opted_out,2023-05-13 13:18:17
29,2021-05-17 11:34:10,2023-08-03 23:18:28,Jason,Barber,jason.barber@example.com,9143 Danielle Way Apt. 608,Christinahaven,76584,opted_in,
30,2023-02-10 06:02:26,2023-08-04 11:11:07,Allison,Nelson,allison.nelson@example.com,864 Morales Curve,New Whitney,14744,opted_in,
31,2021-11-11 05:34:52,2023-08-03 11:31:32,Charlotte,Mcclain,charlotte.mcclain@example.com,6127 Hale Meadows,East Kristy,45379,opted_in,
32,2022-11-17 13:09:34,2023-08-02 17:15:09,Alex,Obrien,alex.obrien@example.com,582 Hutchinson Throughway Apt. 744,Jodichester,15526,opted_in,
33,2021-05-20 01:47:44,2023-08-03 20:43:13,Krista,Elliott,krista.elliott@example.com,246 Michael Bridge Suite 932,Luisshire,18463,opted_in,
34,2021-01-15 06:39:23,2023-08-03 01:10:28,Laura,Martinez,laura.martinez@example.com,91686 Morgan Ferry Apt. 557,Loribury,78322,opted_in,
35,2023-01-07 05:38:14,2023-08-04 12:15:46,Joy,Wells,joy.wells@example.com,330 Erica Valley,New Lisa,16583,opted_out,2023-06-06 05:50:46
36,2022-09-20 23:34:59,2023-08-04 09:19:44,Ronald,Rodriguez,ronald.rodriguez@example.com,1163 Smith Point,Vanessatown,84224,opted_in,
37,2020-08-19 09:05:06,2023-08-03 17:59:03,Richard,Nicholson,richard.nicholson@example.com,53597 Guerrero Ranch,North Stephen,01021,opted_out,2023-06-08 18:43:25
38,2020-01-03 02:13:07,2023-08-02 21:34:05,Heather,Cooper,heather.cooper@example.com,7748 Alex Plains,North Coryfort,79697,opted_out,2023-01-22 04:20:03
39,2023-04-21 23:47:23,2023-08-02 08:40:34,John,Murray,john.murray@example.com,37270 Mclean Shore Apt. 335,Thompsonbury,67801,opted_out,2023-07-29 16:26:45
40,2020-06-01 04:44:11,2023-08-03 06:00:34,Samantha,Figueroa,samantha.figueroa@example.com,770 Ellis Inlet,North Cynthiachester,01486,opted_in,
41,2020-05-07 21:18:35,2023-08-03 05:27:03,Stephen,Davidson,stephen.davidson@example.com,53829 Morris Mills Suite 186,Port Johnside,16065,opted_in,
42,2021-06-29 22:26:44,2023-08-02 15:54:30,Jose,Bates,jose.bates@example.com,0612 Deanna Terrace,Crystalhaven,65898,opted_in,
43,2023-07-30 03:58:21,2023-08-01 13:09:45,Samuel,Landry,samuel.landry@example.com,56229 Jared Way,South Thomas,12326,opted_out,2023-02-17 21:49:49
44,2021-01-11 00:15:11,2023-08-01 21:14:26,Tyler,Smith,tyler.smith@example.com,85591 Katherine View Apt. 010,Michaelburgh,27285,opted_out,2023-05-03 03:24:19
45,2021-12-11 08:16:13,2023-08-04 08:02:38,Bryan,Bennett,bryan.bennett@example.com,6083 Kathy Mission Apt. 751,Lesterborough,45958,opted_out,2023-03-28 22:51:26
46,2021-05-11 16:29:45,2023-08-01 10:56:44,Sherry,Mcdaniel,sherry.mcdaniel@example.com,380 Daniel Flat,Cainchester,40662,opted_out,2023-06-22 09:46:28
47,2022-03-12 17:18:44,2023-08-02 18:16:25,Zachary,Miller,zachary.miller@example.com,984 Williams Village Apt. 208,Shannonmouth,22553,opted_in,
48,2022-12-28 03:16:37,2023-08-04 04:31:31,Jessica,Snyder,jessica.snyder@example.com,44548 Alexis Radial,Ericshire,68433,opted_in,
49,2022-11-13 02:13:26,2023-08-04 06:58:09,Jorge,White,jorge.white@example.com,7357 Victoria Island,North Kristyburgh,67933,opted_out,2023-03-19 03:33:18
50,2020-09-19 01:27:10,2023-08-02 12:24:10,Peggy,Chandler,peggy.chandler@example.com,01791 Thomas Lights Apt. 193,Martinborough,99355,opted_in,
51,2020-10-16 04:48:43,2023-08-01 16:44:18,Keith,Frank,keith.frank@example.com,269 Flores River,East Brianmouth,44075,opted_out,2023-07-13 11:04:47
52,2021-06-20 05:08:47,2023-08-03 00:37:02,Lauren,Smith,lauren.smith@example.com,1175 Vargas Pass,West Olivia,24723,opted_in,
53,2021-01-06 11:39:46,2023-08-01 02:50:39,Colin,West,colin.west@example.com,03486 Holt Square Apt. 276,South Jasonmouth,24213,opted_in,
54,2021-07-07 02:42:08,2023-08-02 03:24:38,Amber,Foster,amber.foster@example.com,7940 Tammy Forest,Kimberlyburgh,87066,opted_in,
55,2021-07-09 22:35:25,2023-08-03 23:35:15,Andrea,Turner,andrea.turner@example.com,3092 Gray Crossing Suite 232,Woodland,76817,opted_out,2023-02-01 03:20:32
56,2020-04-06 15:29:30,2023-08-01 08:31:09,Nichole,Rogers,nichole.rogers@example.com,0882 Vazquez Viaduct,Port Cassandra,77086,opted_out,2023-03-26 13:42:04
57,2022-03-28 12:03:32,2023-08-02 10:02:46,Kevin,Chandler,kevin.chandler@example.com,0992 Leslie Centers,North Coreychester,47601,opted_in,
58,2021-06-17 03:48:08,2023-08-03 15:34:16,Ann,Wilson,ann.wilson@example.com,9466 Ann Terrace,North Lori,46924,opted_out,2023-05-11 13:34:38
59,2020-03-02 09:24:21,2023-08-02 07:11:04,Alexander,Roberts,alexander.roberts@example.com,458 Castillo Underpass,Rogerhaven,04049,opted_out,2023-01-24 06:52:41
60,2022-02-26 02:16:04,2023-08-02 23:35:38,Anthony,Collins,anthony.collins@example.com,359 Thompson Ways,North Susan,93286,opted_in,
61,2021-01-16 19:22:42,2023-08-01 17:55:05,Martin,Fuller,martin.fuller@example.com,569 Mario Flats Apt. 555,East Jonathan,84829,opted_out,2023-01-19 05:21:29
62,2020-10-12 02:01:01,2023-08-03 15:52:18,William,Green,william.green@example.com,7001 Nicole Manor,Jessicaburgh,97682,opted_in,
63,2020-06-14 16:19:33,2023-08-03 23:42:10,Natalie,Franklin,natalie.franklin@example.com,1545 Dylan Trail Suite 911,Port Jeffreytown,03599,opted_in,
64,2022-10-17 04:47:03,2023-08-02 11:47:10,Jennifer,Ryan,jennifer.ryan@example.com,8978 Frazier Tunnel Apt. 965,Yuhaven,25716,opted_out,2023-03-14 00:41:24
65,2022-09-02 22:47:31,2023-08-01 04:13:37,Michael,Stein,michael.stein@example.com,759 Heather Roads Apt. 201,South Caitlinshire,26465,opted_in,
66,2021-04-21 07:26:11,2023-08-03 23:32:59,Ronald,Lynn,ronald.lynn@example.com,5024 Vazquez Point,Darrellhaven,67185,opted_out,2023-07-11 05:53:33
67,2020-07-26 00:43:47,2023-08-01 14:34:29,Stephanie,French,stephanie.french@example.com,79074 Reed Station,Michaelchester,27601,opted_out,2023-01-18 00:40:19
68,2023-05-07 13:25:50,2023-08-01 01:33:54,Teresa,Torres,teresa.torres@example.com,0568 Reed Extensions,East Thomasmouth,82677,opted_out,2023-04-21 13:08:59
69,2021-09-27 17:53:26,2023-08-04 09:52:21,Dustin,Saunders,dustin.saunders@example.com,8397 Mark Key,Davismouth,84005,opted_in,
70,2022-12-20 04:00:33,2023-08-04 13:22:22,Robin,Marshall,robin.marshall@example.com,519 Ramos Junctions Apt. 010,Jesustown,24678,opted_in,
71,2021-04-09 12:55:18,2023-08-02 14:13:31,Taylor,Guzman,taylor.guzman@example.com,6838 Villanueva Run,Port Crystal,28600,opted_in,
72,2023-01-31 21:52:35,2023-08-02 16:44:04,Vicki,Bray,vicki.bray@example.com,597 Travis Dale,Port Susanbury,83337,opted_in,
73,2021-11-14 06:14:51,2023-08-02 00:09:18,Alejandro,Wallace,alejandro.wallace@example.com,2007 Jeffrey Ports,East Douglas,13547,opted_in,
74,2020-05-10 22:35:01,2023-08-04 03:30:56,Wayne,Sims,wayne.sims@example.com,389 Thompson Forks,Jonesburgh,06686,opted_out,2023-04-20 08:01:13
75,2021-09-26 21:16:09,2023-08-01 20:12:28,Kimberly,Simmons,kimberly.simmons@example.com,870 Johnson Key,Port Scottville,83748,opted_out,2023-07-06 18:21:01
76,2022-10-18 04:24:52,2023-08-03 20:14:03,Kyle,Taylor,kyle.taylor@example.com,8242 Brandon Coves Suite 532,Shieldsburgh,29543,opted_in,
77,2021-11-16 08:20:01,2023-08-03 13:17:01,Robert,Thompson,robert.thompson@example.com,5492 Michele Estates Apt. 485,Lake Frankfurt,28466,opted_in,
78,2021-02-05 17:46:23,2023-08-01 11:24:14,Brenda,Villanueva,brenda.villanueva@example.com,4506 Jason Ports Suite 821,New Sabrina,63855,opted_out,2023-04-18 19:06:49
79,2020-12-06 03:39:47,2023-08-03 03:50:24,Judy,Clark,judy.clark@example.com,369 Peck Stream,West Josephbury,86604,opted_in,
80,2022-10-27 14:17:37,2023-08-01 11:53:52,David,Carter,david.carter@example.com,584 Angela Springs,Johnside,18294,opted_in,
81,2021-11-30 23:20:09,2023-08-02 19:40:12,Mario,Cook,mario.cook@example.com,077 Ayala Fall,Josehaven,79195,opted_out,2023-05-24 14:37:29
82,2022-05-31 21:21:45,2023-08-03 22:21:31,Victoria,Klein,victoria.klein@example.com,56594 Marcus Court Suite 879,Zacharyborough,99223,opted_in,
83,2022-04-22 14:13:10,2023-08-02 07:53:13,Donna,Lawson,donna.lawson@example.com,297 Meadows Place,South Isaiahview,94183,opted_in,
84,2020-05-06 07:08:22,2023-08-01 19:32:26,Jeffrey,Carpenter,jeffrey.carpenter@example.com,13427 Zimmerman Trail,Virginiaborough,08326,opted_in,
85,2022-05-22 01:37:58,2023-08-01 09:00:42,Donald,Cherry,donald.cherry@example.com,0930 Bryan Course Apt. 287,Sarahville,48805,opted_in,
86,2020-04-27 05:49:10,2023-08-04 07:02:25,Kayla,Mccormick,kayla.mccormick@example.com,5188 Alvarez Inlet Apt. 806,East Tammytown,77793,opted_in,
87,2023-04-29 17:35:49,2023-08-04 08:30:57,Mary,Edwards,mary.edwards@example.com,3553 Lisa Points Suite 730,Watkinsborough,69096,opted_in,
88,2020-04-20 19:45:47,2023-08-03 22:37:48,Julie,Gonzales,julie.gonzales@example.com,329 Kathleen Brooks Apt. 916,West Davidberg,33876,opted_in,
89,2023-01-05 23:25:43,2023-08-02 05:22:59,Jamie,Henry,jamie.henry@example.com,0766 Brooks Row,Williamview,00913,opted_out,2023-07-15 06:34:44
90,2021-09-11 22:09:13,2023-08-02 04:47:52,Joshua,Solis,joshua.solis@example.com,800 Christine Wall,Mitchellbury,98972,opted_in,
91,2022-08-15 06:05:28,2023-08-02 02:58:38,Eddie,Chavez,eddie.chavez@example.com,1931 Karen Viaduct,South Jeremyside,19603,opted_in,
92,2021-04-04 17:52:22,2023-08-02 14:12:06,Sharon,Rivera,sharon.rivera@example.com,1532 Daniel Flats,Jamesport,10954,opted_out,2023-04-22 06:14:23
93,2021-05-17 13:40:05,2023-08-01 09:07:39,Stacy,Whitehead,stacy.whitehead@example.com,487 Stuart Centers,Owensberg,78837,opted_out,2023-06-02 15:40:19
94,2023-03-24 05:56:29,2023-08-03 09:57:45,Sonia,Gomez,sonia.gomez@example.com,0897 Nicholas Views,Miguelside,44007,opted_in,
95,2021-01-27 00:13:50,2023-08-02 10:57:10,Justin,Smith,justin.smith@example.com,218 Jones Bridge Suite 637,New Danielmouth,43732,opted_in,
96,2022-02-25 19:47:01,2023-08-01 07:13:01,Natalie,Torres,natalie.torres@example.com,5396 Foster Throughway Apt. 804,East Kirkstad,18194,opted_out,2023-05-15 06:11:48
97,2022-11-01 18:25:14,2023-08-03 05:25:01,Nicole,Martin,nicole.martin@example.com,71728 Samantha Mountain Apt. 902,East Ralphton,02518,opted_out,2023-02-24 19:35:42
98,2022-08-23 06:11:34,2023-08-03 22:31:25,Susan,Houston,susan.houston@example.com,10486 Douglas Curve,Williamsfurt,02383,opted_out,2023-05-03 18:29:22
99,2022-02-06 16:52:52,2023-08-04 14:37:23,Thomas,Martinez,thomas.martinez@example.com,17170 Patel Views Apt. 016,Alisonton,35846,opted_out,2023-07-23 12:51:04
100,2020-05-10 11:25:44,2023-08-03 11:10:00,Douglas,Martinez,douglas.martinez@example.com,36769 Davis Lane Suite 904,West Joseph,49108,opted_out,2023-01-10 09:45:34
101,2023-06-04 20:47:14,2023-08-03 22:08:06,Travis,Anderson,travis.anderson@example.com,678 Charles Inlet,Kevinmouth,74308,opted_in,
102,2020-07-23 02:34:24,2023-08-01 20:39:15,Hunter,Rosales,hunter.rosales@example.com,9766 Amy Corner Suite 651,North Janet,31282,opted_out,2023-03-02 01:56:15
103,2021-08-21 07:04:29,2023-08-03 14:36:13,Matthew,Garcia,matthew.garcia@example.com,1770 Lisa Village,Kimberlytown,56678,opted_out,2023-04-06 03:17:12
104,2021-04-03 06:11:49,2023-08-04 00:59:37,Vincent,Walter,vincent.walter@example.com,903 Vasquez Squares Apt. 618,Billyshire,66015,opted_in,
105,2023-07-10 00:03:01,2023-08-03 05:40:41,Dale,Swanson,dale.swanson@example.com,05588 Todd Bridge,North Helen,89716,opted_out,2023-05-30 03:23:51
106,2020-06-23 20:40:40,2023-08-02 02:31:38,Jodi,Carey,jodi.carey@example.com,57874 John Hills,Valentineland,85749,opted_out,2023-04-27 05:33:19
107,2020-09-18 15:03:50,2023-08-02 22:46:59,Jeanette,Martinez,jeanette.martinez@example.com,89419 Melissa Lakes Suite 642,Melissafort,62265,opted_in,
108,2022-03-04 15:21:45,2023-08-02 21:41:29,Rebecca,Barrett,rebecca.barrett@example.com,62277 Ellis Harbor Apt. 686,New James,19826,opted_in,
109,2021-08-26 06:45:17,2023-08-01 10:21:19,Russell,Shaw,russell.shaw@example.com,022 Michael Fields Apt. 679,Johnsonport,47994,opted_out,2023-06-07 02:15:21
110,2022-12-11 14:22:17,2023-08-01 04:57:05,Francisco,Bradley,francisco.bradley@example.com,9509 Jessica Locks,Moodytown,41346,opted_in,
111,2020-01-01 09:45:16,2023-08-03 16:29:21,Tiffany,Vasquez,tiffany.vasquez@example.com,4260 Michelle Bypass Apt. 288,Port Cynthiamouth,77352,opted_in,
112,2022-08-29 02:30:09,2023-08-02 06:56:13,David,Castro,david.castro@example.com,11331 Kaiser Canyon,Port Wendyborough,97045,opted_in,
113,2020-10-05 19:23:23,2023-08-03 09:11:01,John,Stokes,john.stokes@example.com,88099 Alexander Wells Apt. 966,Powersmouth,36243,opted_in,
114,2023-06-12 19:19:46,2023-08-01 13:22:53,Christopher,Cabrera,christopher.cabrera@example.com,765 Juarez Course,South Lorraineton,56173,opted_in,
115,2020-10-31 16:08:23,2023-08-03 13:02:43,Shawn,Ellison,shawn.ellison@example.com,25060 Matthew Square Suite 731,Palmerton,21997,opted_in,
116,2022-10-27 14:29:44,2023-08-02 22:49:23,Sierra,Lane,sierra.lane@example.com,53864 Mariah Lodge Apt. 428,Lake Brian,06270,opted_out,2023-04-02 23:02:21
117,2020-01-23 19:12:06,2023-08-01 08:52:46,Samantha,Patel,samantha.patel@example.com,3630 Richard Fields Suite 366,Mortonburgh,78582,opted_in,
118,2020-12-16 17:17:22,2023-08-04 12:23:42,Kelsey,Diaz,kelsey.diaz@example.com,6991 Horton Meadow,Maryshire,75318,opted_in,
119,2021-09-09 04:39:53,2023-08-04 06:56:56,Selena,Morris,selena.morris@example.com,35466 Mills Rapids,Crystaltown,30076,opted_out,2023-01-20 01:52:17
120,2023-03-26 18:08:33,2023-08-02 10:17:10,Ronald,Evans,ronald.evans@example.com,8734 Taylor Village,Lake Rachel,19042,opted_in,
121,2020-08-05 06:31:34,2023-08-01 03:31:17,Jennifer,Parker,jennifer.parker@example.com,01677 Allen Parkways,Lake Joshua,97397,opted_out,2023-03-15 20:34:48
122,2021-11-07 08:35:33,2023-08-01 21:02:56,Amanda,Hawkins,amanda.hawkins@example.com,4098 Young Overpass Apt. 521,Seanshire,13488,opted_out,2023-07-23 20:10:15
123,2021-04-28 18:09:52,2023-08-04 09:46:05,John,Chapman,john.chapman@example.com,82301 Garcia Land,East Vickiview,73031,opted_in,
124,2020-03-29 11:34:40,2023-08-01 11:10:58,Patricia,Carroll,patricia.carroll@example.com,9263 Hernandez Alley Apt. 144,Paulberg,03944,opted_in,
125,2022-11-19 02:05:29,2023-08-03 20:12:41,Samantha,Perez,samantha.perez@example.com,141 Mcgee Cove Apt. 537,South Susan,88340,opted_in,
126,2020-08-18 10:07:02,2023-08-02 15:10:15,Misty,Peterson,misty.peterson@example.com,90992 Eddie Meadows,Perkinsfort,43153,opted_out,2023-08-04 07:35:28
127,2021-03-15 14:02:12,2023-08-01 21:38:51,Lisa,Miller,lisa.miller@example.com,79542 Edwards Parkways,Silvabury,69866,opted_in,
128,2022-12-13 23:29:11,2023-08-01 15:27:28,Megan,Cunningham,megan.cunningham@example.com,487 Heath Turnpike Apt. 685,New Meghan,53468,opted_in,
129,2022-03-24 08:28:01,2023-08-02 06:51:39,Justin,Mcconnell,justin.mcconnell@example.com,758 Cathy Trace,North Christianshire,57689,opted_in,
130,2022-12-31 03:59:04,2023-08-02 21:27:00,Sarah,Lawson,sarah.lawson@example.com,204 French Ports Apt. 533,Port Michael,13733,opted_in,
131,2020-02-29 21:46:37,2023-08-03 13:25:48,Kelly,Payne,kelly.payne@example.com,1212 Hannah Landing Suite 288,Anthonymouth,69624,opted_out,2023-06-24 08:56:48
132,2022-05-16 19:29:00,2023-08-04 16:02:56,Stephen,Marshall,stephen.marshall@example.com,83797 Vasquez Parkway Apt. 949,Simmonsland,61784,opted_out,2023-07-07 02:09:42
133,2023-01-26 19:48:16,2023-08-01 17:26:59,Lindsay,Torres,lindsay.torres@example.com,235 Curtis Wells Apt. 939,Kennedychester,66086,opted_out,2023-01-21 16:32:27
134,2021-02-21 07:48:23,2023-08-04 01:11:10,Jasmine,Parks,jasmine.parks@example.com,8979 Megan Vista Suite 145,Lake Susan,30978,opted_out,2023-02-04 13:00:37
135,2021-05-16 15:23:42,2023-08-02 06:21:44,Jeffrey,Jones,jeffrey.jones@example.com,14195 Heather Village,Dannyside,02566,opted_out,2023-07-31 16:25:08
136,2023-05-05 11:01:07,2023-08-03 14:47:15,Alexander,French,alexander.french@example.com,038 Robinson Spur,West Phillipland,79266,opted_in,
137,2021-02-09 03:40:53,2023-08-02 07:37:40,Wesley,Powell,wesley.powell@example.com,6294 Brown Plains Apt. 935,South Hector,59706,opted_out,2023-03-10 03:24:25
138,2022-09-01 06:26:52,2023-08-03 12:01:06,Steven,Coleman,steven.coleman@example.com,613 Gregory Rapids Suite 031,East Pamela,89698,opted_in,
139,2021-09-14 21:11:34,2023-08-01 09:54:32,Raymond,Parker,raymond.parker@example.com,7380 Terry Road,South Elizabeth,33001,opted_out,2023-04-24 09:34:43
140,2023-05-31 22:05:32,2023-08-01 20:43:18,Natalie,Mcdaniel,natalie.mcdaniel@example.com,95456 Amanda Centers Suite 939,North Robert,70945,opted_in,
141,2021-10-30 06:13:09,2023-08-03 11:14:10,Clayton,Carson,clayton.carson@example.com,74653 Matthew Extensions Suite 769,Nathanbury,49632,opted_out,2023-04-16 12:17:07
142,2022-08-25 19:29:08,2023-08-01 02:44:23,Margaret,Keith,margaret.keith@example.com,5099 Michael Run Suite 672,Maryburgh,33742,opted_out,2023-05-09 21:31:36
143,2022-03-24 10:17:38,2023-08-01 21:29:31,Michelle,Malone,michelle.malone@example.com,36816 Henderson Mews,Port Douglas,94236,opted_out,2023-06-24 00:55:35
144,2020-08-28 09:05:05,2023-08-02 06:53:52,Alexis,Mcdonald,alexis.mcdonald@example.com,5418 Pamela Passage,South Markhaven,08503,opted_out,2023-07-26 22:34:06
145,2022-11-24 06:49:00,2023-08-04 04:02:32,Rachel,Horton,rachel.horton@example.com,449 Dawson Flat,Lake Josephmouth,95403,opted_out,2023-04-04 00:13:07
146,2022-03-29 20:23:39,2023-08-03 15:51:34,Steven,Hernandez,steven.hernandez@example.com,255 Alvarez Corners Suite 561,Morrisonmouth,69624,opted_in,
147,2023-02-12 10:36:06,2023-08-03 17:09:47,Claudia,Ross,claudia.ross@example.com,399 Huber Knolls Suite 897,New Robert,30413,opted_in,
148,2023-04-11 05:51:38,2023-08-01 03:34:40,Laura,Bryant,laura.bryant@example.com,56294 Adrienne Islands Suite 945,South Terri,56178,opted_out,2023-02-11 14:10:58
149,2021-03-28 15:39:11,2023-08-02 06:58:23,Bradley,Adkins,bradley.adkins@example.com,7783 Hall Inlet,North Ryanburgh,09614,opted_in,
150,2022-08-04 11:53:44,2023-08-02 15:01:43,Kevin,Gibbs,kevin.gibbs@example.com,575 David Loop Apt. 923,Thompsonfort,96903,opted_in,
151,2021-11-21 10:34:17,2023-08-01 20:26:16,Regina,Morales,regina.morales@example.com,8222 Medina Trace,Smithstad,13755,opted_out,2023-01-10 20:31:31
152,2020-02-12 08:05:05,2023-08-02 06:01:58,Carol,Carroll,carol.carroll@example.com,364 Jacob Ports Suite 871,New Kristaton,89739,opted_out,2023-06-06 15:01:43
153,2023-04-20 09:25:50,2023-08-04 04:56:20,Michael,Mejia,michael.mejia@example.com,04456 Nathan River Suite 524,South Joeltown,65991,opted_in,
154,2023-07-07 09:28:19,2023-08-04 06:40:18,Anthony,Smith,anthony.smith@example.com,149 Bobby Drive,Port Melissa,64818,opted_in,
155,2020-02-04 15:00:48,2023-08-02 21:07:59,Matthew,Collins,matthew.collins@example.com,79044 Joseph Meadows Suite 568,Lake Raymondton,68868,opted_out,2023-05-07 03:05:51
156,2023-03-17 17:24:08,2023-08-04 15:53:27,Melody,King,melody.king@example.com,01794 Austin Ville,Lindaburgh,92795,opted_out,2023-05-25 03:18:34
157,2023-05-15 06:33:26,2023-08-01 11:35:34,Joseph,Mcgee,joseph.mcgee@example.com,224 Wood Road Apt. 536,Herreraland,27353,opted_in,
158,2021-03-31 05:37:57,2023-08-04 09:47:37,John,Medina,john.medina@example.com,794 Myers Course,Port Josephland,94568,opted_out,2023-05-08 04:26:03
159,2020-07-16 20:58:58,2023-08-04 11:04:04,Joanne,Elliott,joanne.elliott@example.com,293 Horne Drive Apt. 356,Davisburgh,40470,opted_in,
160,2020-05-10 12:11:28,2023-08-02 22:42:15,Kimberly,Brown,kimberly.brown@example.com,6927 Linda Rue Suite 213,West Alicia,97419,opted_out,2023-03-02 06:35:46
161,2022-03-26 19:04:58,2023-08-02 20:08:59,Michelle,Stone,michelle.stone@example.com,5083 Dalton Corners Apt. 240,South Frederickfort,72842,opted_out,2023-03-16 20:17:02
162,2022-06-22 16:44:56,2023-08-01 23:52:30,Shannon,Williams,shannon.williams@example.com,74704 Nicholas Pass Suite 387,Karenfurt,15479,opted_out,2023-06-30 15:35:09
163,2023-07-06 14:50:46,2023-08-04 01:42:02,Ashley,Charles,ashley.charles@example.com,00692 Woods Cove,Amandaton,33673,opted_in,
164,2022-11-24 11:15:41,2023-08-02 01:15:19,Brandon,Wilson,brandon.wilson@example.com,0563 Proctor Parks,Danielberg,80209,opted_out,2023-06-11 11:36:48
165,2023-04-24 13:15:56,2023-08-03 14:23:42,Theodore,Byrd,theodore.byrd@example.com,228 Christine Radial Apt. 436,North Brandon,78362,opted_out,2023-01-18 20:59:34
166,2021-12-24 21:00:39,2023-08-01 18:21:16,Donna,Bryant,donna.bryant@example.com,45292 Gonzales Path,New Donaldberg,85403,opted_out,2023-06-04 06:48:00
167,2022-10-23 07:01:44,2023-08-01 15:13:58,Shannon,Williams,shannon.williams@example.com,4626 Suzanne Walk,Bishopburgh,04276,opted_in,
168,2021-03-08 22:24:52,2023-08-02 22:30:11,Krystal,Winters,krystal.winters@example.com,35118 Jefferson Fort Suite 218,Port Davidville,64404,opted_out,2023-01-19 08:25:24
169,2020-04-13 09:49:34,2023-08-04 02:08:53,David,Cantu,david.cantu@example.com,41227 Suzanne Ford Apt. 090,West Derrickmouth,76441,opted_in,
170,2023-01-05 19:27:51,2023-08-02 07:57:53,Kenneth,Robinson,kenneth.robinson@example.com,9122 Cohen Land,North James,99650,opted_out,2023-02-24 06:53:13
171,2022-09-05 06:37:08,2023-08-01 21:07:04,Steven,Wagner,steven.wagner@example.com,0029 Oscar Loop,Nguyenland,96217,opted_out,2023-07-19 17:00:10
172,2021-05-22 22:57:18,2023-08-01 09:56:29,Joshua,Aguilar,joshua.aguilar@example.com,150 Santos Locks Suite 737,West Timothyside,82969,opted_out,2023-05-03 21:36:32
173,2023-07-24 10:49:55,2023-08-02 04:58:12,Greg,Hodges,greg.hodges@example.com,4715 Williams Street Suite 364,South Brianfort,77033,opted_in,
174,2020-02-26 16:21:06,2023-08-02 09:43:21,Elizabeth,Yates,elizabeth.yates@example.com,5840 Christina Mountain Apt. 566,Gordonchester,24726,opted_out,2023-03-23 21:13:25
175,2020-01-09 01:38:13,2023-08-04 12:58:00,Darlene,Wang,darlene.wang@example.com,94825 Peck Causeway,North Graceberg,34004,opted_out,2023-03-19 15:30:05
176,2021-11-05 21:53:23,2023-08-01 16:07:15,Crystal,Mccarthy,crystal.mccarthy@example.com,8259 Rebecca Streets Apt. 124,North Derek,77843,opted_out,2023-05-07 13:43:52
177,2021-07-16 06:47:27,2023-08-02 11:56:14,Lynn,Todd,lynn.todd@example.com,78787 King Springs Apt. 492,Port Joanna,52649,opted_in,
178,2023-01-23 19:11:11,2023-08-01 09:38:58,Sarah,Miller,sarah.miller@example.com,1286 Combs Forges,East Stephenville,04041,opted_out,2023-07-17 19:07:33
179,2020-07-08 11:00:45,2023-08-04 02:37:52,Jamie,Roberts,jamie.roberts@example.com,04536 Trevino Greens,Matthewbury,17317,opted_out,2023-03-20 14:24:36
180,2023-05-24 13:07:10,2023-08-03 04:14:11,David,Herrera,david.herrera@example.com,375 Heather Summit Apt. 472,Markhaven,74634,opted_in,
181,2021-08-26 15:13:30,2023-08-01 06:53:27,Louis,Bryant,louis.bryant@example.com,172 Miranda Creek Suite 076,Ricardoberg,96156,opted_out,2023-07-22 14:03:55
182,2022-07-08 17:10:40,2023-08-02 04:39:37,Becky,Skinner,becky.skinner@example.com,41226 Ashley Corner,New Monica,69300,opted_in,
183,2022-05-22 07:16:04,2023-08-01 11:29:39,William,Carlson,william.carlson@example.com,0024 Greene Way Suite 502,New Jonathan,11497,opted_in,
184,2021-02-04 02:11:34,2023-08-02 17:29:32,Bruce,Parker,bruce.parker@example.com,820 Anderson Union Suite 857,Angelaborough,01421,opted_out,2023-06-09 09:03:11
185,2021-04-29 22:30:01,2023-08-02 23:28:01,Daniel,Vance,daniel.vance@example.com,7678 Stewart Viaduct Suite 454,Frankfurt,68292,opted_in,
186,2021-07-10 23:25:58,2023-08-04 00:11:50,Carolyn,Wood,carolyn.wood@example.com,621 Julia Wells,Sandersstad,65625,opted_out,2023-02-11 04:12:33
187,2020-12-03 08:14:13,2023-08-02 02:00:53,Ethan,Orozco,ethan.orozco@example.com,9668 Knight Road Suite 127,Hollyberg,08080,opted_out,2023-06-18 00:27:11
188,2021-01-26 12:06:14,2023-08-01 07:10:01,Jerry,Hunter,jerry.hunter@example.com,367 Edwards Plains,South Chad,10871,opted_in,
189,2023-01-17 20:00:55,2023-08-03 07:51:22,Douglas,Lowery,douglas.lowery@example.com,08193 Martin Lights,Codyfort,53746,opted_out,2023-04-06 16:05:42
190,2022-04-11 07:03:46,2023-08-03 23:13:11,Kristin,Clark,kristin.clark@example.com,95687 Kimberly Locks,Danielborough,24866,opted_out,2023-05-29 22:05:33
191,2021-05-16 14:39:59,2023-08-03 05:32:11,Terri,Wright,terri.wright@example.com,0335 Tyler Prairie Suite 185,Leefort,80163,opted_in,
192,2022-04-21 14:56:21,2023-08-02 10:37:26,Jessica,George,jessica.george@example.com,1483 Jordan Curve,East Danielstad,32607,opted_in,
193,2021-05-28 18:34:06,2023-08-03 09:47:49,Susan,Williams,susan.williams@example.com,158 Cory Pike Suite 727,Port Margaretburgh,25546,opted_out,2023-04-09 15:35:12
194,2020-03-20 21:29:44,2023-08-01 10:20:32,Brian,Moore,brian.moore@example.com,14560 Renee Square,Morristown,53636,opted_out,2023-06-07 00:56:42
195,2021-09-11 01:01:44,2023-08-01 00:59:36,Andrew,Smith,andrew.smith@example.com,65995 Clarence Square,East Gloriaberg,01814,opted_in,
196,2021-10-22 17:55:04,2023-08-03 14:56:42,Courtney,Hoffman,courtney.hoffman@example.com,33699 Bridget Fields,South Allisonland,09674,opted_out,2023-01-18 00:32:38
197,2022-11-16 23:11:55,2023-08-03 03:49:29,Lori,Pace,lori.pace@example.com,55099 Smith Field Apt. 435,Jorgehaven,44860,opted_out,2023-07-01 03:53:37
198,2023-06-16 00:23:32,2023-08-03 21:11:11,Caitlin,Robinson,caitlin.robinson@example.com,1527 Strickland Plaza Apt. 857,Frostbury,28177,opted_in,
199,2022-11-29 00:13:50,2023-08-04 00:23:55,Melissa,Bryant,melissa.bryant@example.com,5122 Lucas Lakes Suite 295,Kellyton,10361,opted_out,2023-04-22 20:27:11
200,2022-03-09 17:11:31,2023-08-03 22:26:55,Kathryn,Heath,kathryn.heath@example.com,700 Paul Isle Apt. 679,New Ashley,39657,opted_in,
201,2021-07-01 02:58:59,2023-08-01 23:42:40,Reginald,Smith,reginald.smith@example.com,5792 Allen Island Apt. 628,Jaredbury,99253,opted_in,
202,2021-03-11 17:07:50,2023-08-03 21:42:04,Omar,Simmons,omar.simmons@example.com,71824 Theresa Coves Apt. 541,West Ryanfort,79239,opted_out,2023-04-05 07:41:28
203,2020-11-13 04:09:45,2023-08-02 02:24:37,Julie,Moss,julie.moss@example.com,835 Smith Lodge,North Ashleemouth,78572,opted_out,2023-02-02 23:02:06
204,2022-10-01 05:24:42,2023-08-02 21:50:58,Christopher,Williams,christopher.williams@example.com,8953 April Course,Katrinaburgh,72521,opted_out,2023-07-23 02:24:43
205,2021-05-17 01:08:28,2023-08-02 00:49:38,Norma,Martinez,norma.martinez@example.com,2276 Robert Place Apt. 759,Kevinstad,76689,opted_out,2023-07-02 09:32:30
206,2021-01-17 05:12:53,2023-08-03 16:15:25,Steve,Sanchez,steve.sanchez@example.com,1519 Jessica Inlet Apt. 961,Patrickfort,35080,opted_in,
207,2022-03-31 12:35:11,2023-08-02 11:55:48,Erik,Smith,erik.smith@example.com,0154 Kevin Trail Suite 140,Port Gabriel,22918,opted_out,2023-06-11 14:27:37
208,2023-07-15 09:51:48,2023-08-02 20:27:42,Sarah,Rodriguez,sarah.rodriguez@example.com,52650 Lopez Crescent,North Michael,38142,opted_in,
209,2020-12-25 17:18:22,2023-08-02 01:40:26,Charles,Murphy,charles.murphy@example.com,96812 Eugene Station Suite 449,Johnmouth,48176,opted_out,2023-02-03 10:32:28
210,2022-04-26 02:30:05,2023-08-03 10:42:08,Misty,Hancock,misty.hancock@example.com,3133 John Greens,North Andrewborough,20528,opted_in,
211,2022-08-27 14:50:16,2023-08-03 06:59:59,Tiffany,Santana,tiffany.santana@example.com,913 Davis Fall,Nicholsborough,82821,opted_out,2023-07-29 09:23:40
212,2022-02-23 12:25:53,2023-08-03 07:31:45,Margaret,Bradley,margaret.bradley@example.com,2703 Bartlett Street Apt. 298,New Karen,32319,opted_in,
213,2022-05-09 02:12:21,2023-08-02 18:58:13,Amanda,Miller,amanda.miller@example.com,68345 Pierce Junction,West Kendraland,33642,opted_out,2023-03-29 08:16:05
214,2020-12-27 07:52:23,2023-08-01 04:15:22,Amanda,Montgomery,amanda.montgomery@example.com,652 Hancock Ridges,South John,02319,opted_out,2023-06-16 22:02:54
215,2020-07-13 10:30:52,2023-08-01 06:39:22,Nicholas,Lane,nicholas.lane@example.com,96046 Ryan Locks,Fletcherfort,32219,opted_in,
216,2021-11-09 07:35:46,2023-08-03 10:05:49,Kathryn,Lawrence,kathryn.lawrence@example.com,9141 Sanders Drive,Freemanville,28306,opted_out,2023-06-10 09:35:04
217,2021-09-11 22:37:22,2023-08-03 23:00:14,Patricia,Benson,patricia.benson@example.com,8587 George Crest Apt. 455,Katiehaven,02432,opted_in,
218,2022-04-24 06:15:42,2023-08-03 12:52:23,Jeffrey,Shelton,jeffrey.shelton@example.com,23216 Adam Walk Apt. 187,Lucasstad,02137,opted_in,
219,2020-08-21 13:11:46,2023-08-03 14:35:11,Jennifer,Bennett,jennifer.bennett@example.com,3598 Williams Mountains Apt. 807,New Sarahside,00727,opted_in,
220,2022-05-10 00:23:30,2023-08-02 19:16:55,Bryan,Reynolds,bryan.reynolds@example.com,56445 King Junction Apt. 304,North Brian,72899,opted_out,2023-04-04 16:57:43
221,2023-06-15 10:56:27,2023-08-04 15:52:55,Natalie,Adams,natalie.adams@example.com,590 Jones Crossroad,Floreshaven,01085,opted_out,2023-04-11 13:11:46
222,2020-11-03 19:39:18,2023-08-02 18:01:39,Alexandria,Stark,alexandria.stark@example.com,52146 Stephen Roads,Julieborough,98677,opted_in,
223,2020-07-03 22:12:24,2023-08-02 11:03:01,Katrina,Skinner,katrina.skinner@example.com,36372 Melissa Cliffs,Lake John,55676,opted_out,2023-07-02 04:15:01
224,2020-12-18 05:22:31,2023-08-02 05:47:56,Christopher,Greene,christopher.greene@example.com,25719 Robert Wall,New Megan,10159,opted_out,2023-06-12 16:04:19
225,2021-04-13 11:17:25,2023-08-04 13:25:06,William,Bautista,william.bautista@example.com,87476 Alexander Brook,Nashview,01335,opted_out,2023-05-08 15:57:46
226,2020-12-22 10:42:52,2023-08-01 03:29:25,Rebecca,Ball,rebecca.ball@example.com,67435 Anderson Summit,West Phyllis,40751,opted_out,2023-05-10 08:49:18
227,2022-04-12 02:56:00,2023-08-04 02:44:22,Monique,Nash,monique.nash@example.com,4456 Bowen Stream Apt. 291,West Ashleyburgh,96038,opted_in,
228,2020-11-06 22:43:09,2023-08-03 00:14:54,Kenneth,Harris,kenneth.harris@example.com,894 Petersen Alley Apt. 886,West Alexmouth,45987,opted_in,
229,2020-04-20 02:01:32,2023-08-04 09:12:23,Robert,Miles,robert.miles@example.com,497 Danielle Mission Apt. 070,North Josephborough,91715,opted_in,
230,2022-04-26 02:50:34,2023-08-03 00:45:48,Brittany,Little,brittany.little@example.com,96733 Mitchell View Suite 990,Walkermouth,67978,opted_in,
231,2020-08-18 08:11:36,2023-08-02 02:38:05,Natasha,Pearson,natasha.pearson@example.com,950 Shah River Suite 997,Lake Molly,19176,opted_out,2023-04-10 11:47:37
232,2023-04-06 14:16:53,2023-08-01 05:14:46,Angel,Perry,angel.perry@example.com,00255 Matthew Lights Suite 341,Amybury,79096,opted_out,2023-02-17 05:07:38
233,2021-05-23 11:33:58,2023-08-02 04:13:25,Susan,Freeman,susan.freeman@example.com,94811 Lisa Orchard,Carrview,62872,opted_out,2023-03-30 06:22:02
234,2023-04-30 10:07:53,2023-08-01 06:29:55,Clinton,Salazar,clinton.salazar@example.com,137 Brandon Trafficway Apt. 654,Port Erikberg,58919,opted_in,
235,2022-04-03 01:26:29,2023-08-02 00:18:26,Sue,Powell,sue.powell@example.com,31053 Williams Groves,East Christine,76290,opted_out,2023-04-09 23:47:55
236,2022-11-25 13:16:22,2023-08-02 01:25:28,Wayne,Taylor,wayne.taylor@example.com,5213 Williams Forks,Jonathanland,71906,opted_in,
237,2021-06-08 19:16:39,2023-08-01 10:20:45,Benjamin,Coleman,benjamin.coleman@example.com,5260 Lowe Street,Meadowsport,23557,opted_out,2023-01-26 01:30:57
238,2022-08-03 10:27:46,2023-08-03 02:05:44,Caleb,Owen,caleb.owen@example.com,652 Proctor Springs,North Christopher,78315,opted_in,
239,2022-03-30 23:19:53,2023-08-02 01:27:42,Ashley,Walsh,ashley.walsh@example.com,543 Vasquez Loaf Suite 420,Kyleside,75225,opted_out,2023-05-05 07:14:58
240,2023-01-17 20:33:39,2023-08-03 03:55:03,John,Lamb,john.lamb@example.com,881 Black Passage,Allisonburgh,33521,opted_out,2023-02-12 01:53:32
241,2021-05-19 22:40:50,2023-08-01 03:42:53,Gregory,Baker,gregory.baker@example.com,212 Corey Ports Apt. 924,North Kenneth,79261,opted_in,
242,2021-04-24 11:10:48,2023-08-02 02:18:21,Daniel,Proctor,daniel.proctor@example.com,9857 Tommy Causeway,Port Tamara,95302,opted_in,
243,2022-10-22 04:11:03,2023-08-04 14:58:48,Robert,Bridges,robert.bridges@example.com,391 Logan Lakes,North Lesliefort,85404,opted_in,
244,2020-03-02 13:57:17,2023-08-04 01:25:24,Shelly,Phillips,shelly.phillips@example.com,3570 Sandra Dale Apt. 731,East Briannaborough,34063,opted_in,
245,2022-03-26 21:49:47,2023-08-02 05:49:37,Rhonda,Miller,rhonda.miller@example.com,76790 Krista Fords Suite 734,Nicholaston,77458,opted_out,2023-07-01 06:00:50
246,2022-09-28 02:08:33,2023-08-02 07:46:33,Jared,Downs,jared.downs@example.com,869 Tara Plains Suite 372,New William,81016,opted_in,
247,2020-10-26 01:54:39,2023-08-02 17:41:13,Cheryl,Pierce,cheryl.pierce@example.com,8421 Emily Forge,Suzanneton,24655,opted_in,
248,2021-01-07 19:32:47,2023-08-01 18:55:40,Brent,Kelley,brent.kelley@example.com,659 Tanya Haven Apt. 695,Port Morgan,48308,opted_in,
249,2021-02-07 10:37:09,2023-08-02 21:08:58,Dustin,Peterson,dustin.peterson@example.com,625 Abigail Extensions Suite 767,Lake Jacquelinefurt,89680,opted_in,
250,2020-07-22 06:05:39,2023-08-01 13:34:22,Tracey,Smith,tracey.smith@example.com,83336 Kerri Port Apt. 883,West Alexport,15572,opted_out,2023-01-09 01:38:02
251,2023-02-05 12:38:23,2023-08-04 03:01:05,Timothy,Hansen,timothy.hansen@example.com,60230 Peterson Burgs Apt. 633,Port Melissa,24464,opted_in,
252,2020-04-18 14:56:00,2023-08-02 11:17:39,Oscar,Graves,oscar.graves@example.com,813 Kevin Trail,East Michaelville,14809,opted_in,
253,2022-11-06 15:21:57,2023-08-03 00:55:44,Felicia,Medina,felicia.medina@example.com,730 Lee Avenue,South Aprilfurt,97026,opted_in,
254,2023-06-23 01:44:23,2023-08-03 09:36:24,Taylor,Harper,taylor.harper@example.com,8539 Jackson Mountain,Juanfurt,65444,opted_in,
255,2023-04-03 17:28:45,2023-08-01 23:41:36,Michael,Cox,michael.cox@example.com,12185 Brittany Springs Suite 442,Maldonadochester,56967,opted_out,2023-02-22 16:52:04
256,2022-09-09 12:10:51,2023-08-02 21:39:50,Andre,Watson,andre.watson@example.com,41328 Taylor Knoll Apt. 945,Stevenborough,16541,opted_in,
257,2022-07-31 21:07:07,2023-08-03 14:26:55,Daniel,Luna,daniel.luna@example.com,21048 Brenda Trail,Leslieport,11115,opted_out,2023-04-19 14:21:01
258,2022-12-01 18:51:44,2023-08-01 19:17:12,Brandon,Duncan,brandon.duncan@example.com,9924 Bruce Locks,Tuckerside,59489,opted_in,
259,2021-09-26 14:45:16,2023-08-02 16:00:06,Connie,Turner,connie.turner@example.com,99792 Chapman Mountains Suite 938,East Laurashire,49520,opted_in,
260,2022-04-11 13:15:57,2023-08-03 22:26:44,Michelle,Berg,michelle.berg@example.com,46632 Kyle Forges,Jacobstad,72360,opted_in,
261,2020-02-28 18:00:20,2023-08-04 14:55:53,Robert,Porter,robert.porter@example.com,66287 Robinson Via Suite 071,South Kathy,06661,opted_in,
262,2020-08-21 13:53:25,2023-08-04 07:20:07,Robert,Collins,robert.collins@example.com,2318 Owens Rest Apt. 407,Kendraview,30013,opted_out,2023-01-12 08:55:05
263,2021-07-28 11:24:29,2023-08-01 02:52:40,Gordon,Brown,gordon.brown@example.com,4444 Steven Mountain Suite 618,Lake Maria,44115,opted_in,
264,2021-08-21 07:21:46,2023-08-04 13:09:24,Heidi,Morgan,heidi.morgan@example.com,1526 Santos Pass,Lake Kelly,80957,opted_in,
265,2021-12-12 22:11:30,2023-08-03 22:43:24,Diana,Bailey,diana.bailey@example.com,276 Smith Locks,Lake Robert,76591,opted_in,
266,2020-01-07 05:52:24,2023-08-03 05:56:26,Nancy,Jones,nancy.jones@example.com,44746 Martin Hollow Suite 607,North Heidi,13922,opted_out,2023-07-24 06:35:47
267,2023-06-22 06:52:04,2023-08-03 13:36:40,Kimberly,Lutz,kimberly.lutz@example.com,15143 Mccullough Ramp,South Shannonburgh,45826,opted_in,
268,2023-06-09 17:36:28,2023-08-04 01:05:04,Michael,George,michael.george@example.com,132 Erickson Passage Apt. 423,Cassandrachester,28685,opted_in,
269,2023-01-17 13:10:48,2023-08-02 17:35:53,Juan,Park,juan.park@example.com,04536 Marissa Dam,New Jason,39664,opted_in,
270,2022-01-15 03:31:59,2023-08-04 15:11:56,Michael,Moreno,michael.moreno@example.com,687 Donna Expressway,Kelliland,19629,opted_in,
271,2022-03-26 22:40:27,2023-08-02 15:09:02,Micheal,Peterson,micheal.peterson@example.com,880 Bryan Ways,Lake Tinachester,94773,opted_out,2023-07-31 00:33:44
272,2021-09-15 02:01:05,2023-08-04 00:52:39,Michelle,Dalton,michelle.dalton@example.com,19292 Brianna Road,Angelahaven,06035,opted_out,2023-07-18 12:32:01
273,2020-12-09 15:48:42,2023-08-03 20:54:25,Jonathon,Buckley,jonathon.buckley@example.com,376 Tonya Club Suite 567,Rojashaven,12480,opted_in,
274,2022-01-07 20:35:02,2023-08-03 13:31:15,Lindsey,Wilson,lindsey.wilson@example.com,9229 Peters Forge Suite 194,Lake Carrie,92628,opted_in,
275,2020-09-11 17:10:20,2023-08-04 07:35:57,Todd,White,todd.white@example.com,4805 John Locks Suite 933,Adamstad,83301,opted_in,
276,2023-07-16 06:00:29,2023-08-02 00:30:06,Matthew,Holland,matthew.holland@example.com,8519 Rojas Mall,Port Tyler,86822,opted_out,2023-07-30 15:50:41
277,2022-04-23 01:19:40,2023-08-03 12:36:40,Tyler,Roth,tyler.roth@example.com,4492 Shaw Mews Apt. 663,East Julieberg,19343,opted_out,2023-05-07 05:43:14
278,2020-05-26 23:52:16,2023-08-01 11:18:53,Jennifer,Reese,jennifer.reese@example.com,10359 Knight Passage,East Michael,47206,opted_out,2023-07-01 14:54:39
279,2023-07-11 12:46:22,2023-08-02 03:25:22,David,Schneider,david.schneider@example.com,7144 Smith Brook,Port Tiffany,01280,opted_in,
280,2023-01-23 04:12:48,2023-08-04 09:13:17,Michael,Walker,michael.walker@example.com,4073 Austin Manor,New Kristen,01560,opted_in,
281,2022-02-28 14:15:06,2023-08-04 03:38:45,Ashley,Robinson,ashley.robinson@example.com,967 Perez Mount,East Oscarview,00905,opted_out,2023-01-29 04:34:16
282,2023-01-13 06:49:21,2023-08-03 23:10:11,Candice,Garrett,candice.garrett@example.com,104 Robert Ville Suite 766,New Kathleenstad,94857,opted_out,2023-07-20 12:43:37
283,2023-05-09 17:38:50,2023-08-03 08:29:59,Dana,Lucas,dana.lucas@example.com,8834 Miller View,Jamesberg,12378,opted_in,
284,2023-02-15 19:54:53,2023-08-03 00:26:27,Laura,Gonzalez,laura.gonzalez@example.com,034 Cynthia Dam Apt. 677,East Toddview,24113,opted_in,
285,2022-09-01 12:00:45,2023-08-02 08:14:28,David,Peterson,david.peterson@example.com,5904 Robert Squares Suite 769,Palmerchester,25563,opted_in,
286,2023-07-25 19:13:09,2023-08-04 00:00:37,Victor,Duffy,victor.duffy@example.com,5779 Rodriguez Park Suite 111,Lake Billybury,77973,opted_in,
287,2021-07-26 22:07:42,2023-08-01 17:17:25,Todd,Mclaughlin,todd.mclaughlin@example.com,1610 Singh Locks,South Joshua,01909,opted_out,2023-06-08 12:19:38
288,2022-07-14 18:45:23,2023-08-01 20:57:34,Daniel,Herman,daniel.herman@example.com,520 Andrea Road,Clarkbury,66406,opted_out,2023-06-17 22:43:50
289,2020-11-08 11:15:06,2023-08-02 04:56:24,Brianna,Cunningham,brianna.cunningham@example.com,21732 Jesus Island Suite 945,North Alexisstad,20170,opted_in,
290,2022-03-27 18:07:12,2023-08-02 08:42:51,Kevin,Martinez,kevin.martinez@example.com,71042 Hobbs Neck Apt. 931,Salasville,46633,opted_out,2023-05-21 14:33:56
291,2021-07-15 14:33:24,2023-08-03 08:32:20,Anthony,Watson,anthony.watson@example.com,905 John Parks,West John,01780,opted_in,
292,2022-12-30 08:52:37,2023-08-02 09:50:11,Nicole,Lopez,nicole.lopez@example.com,307 Miller Ford,Hendersonport,45349,opted_out,2023-06-24 11:41:39
293,2020-06-26 00:17:57,2023-08-02 21:59:26,Thomas,Joyce,thomas.joyce@example.com,7464 Mary Neck,Jonesside,77859,opted_out,2023-04-06 18:10:29
294,2021-08-18 14:42:47,2023-08-02 02:12:22,Anita,Thornton,anita.thornton@example.com,885 Berry Street,Donaldmouth,19960,opted_out,2023-01-19 01:42:05
295,2021-07-17 11:34:23,2023-08-03 15:31:09,Timothy,Mccarthy,timothy.mccarthy@example.com,9894 Carr Stream,East David,56589,opted_in,
296,2021-03-22 04:41:40,2023-08-02 06:31:25,Kimberly,Lawson,kimberly.lawson@example.com,37472 Bonnie Throughway,East Philipside,37068,opted_in,
297,2020-01-19 00:54:22,2023-08-01 13:29:03,Melanie,Caldwell,melanie.caldwell@example.com,452 Edward Fall,Stanleyfort,07435,opted_in,
298,2023-06-12 14:05:04,2023-08-02 22:47:37,Billy,Anderson,billy.anderson@example.com,239 Scott Canyon,West Josephville,97867,opted_out,2023-05-25 01:56:40
299,2022-05-04 23:56:39,2023-08-01 17:06:33,Kelly,Davis,kelly.davis@example.com,39792 Tanner Fort,Aaronfort,13281,opted_in,
300,2022-01-09 02:02:53,2023-08-02 12:30:20,Aaron,Brown,aaron.brown@example.com,850 Stone Mews Suite 797,Johnsonland,37516,opted_out,2023-05-25 15:38:41
301,2020-02-07 14:41:57,2023-08-04 02:05:37,Curtis,Garcia,curtis.garcia@example.com,1660 Sanchez Row Apt. 487,Jonesville,41923,opted_out,2023-06-03 02:24:03
302,2022-09-19 23:56:53,2023-08-03 05:53:44,Katherine,Jacobs,katherine.jacobs@example.com,86220 Lee Key Suite 524,East Huntermouth,71870,opted_out,2023-07-13 05:07:40
303,2022-09-11 01:40:27,2023-08-03 20:36:05,Spencer,Johnson,spencer.johnson@example.com,8243 Stokes River,Lake Meredith,80826,opted_out,2023-02-02 00:35:13
304,2021-09-24 02:16:54,2023-08-03 04:03:24,Brittany,Guzman,brittany.guzman@example.com,389 Danielle Flats Suite 061,Randyborough,38923,opted_out,2023-02-22 10:11:51
305,2022-03-08 08:37:49,2023-08-01 13:32:06,Amanda,Shepard,amanda.shepard@example.com,001 Ortiz Mountain,Martinberg,50671,opted_in,
306,2021-07-15 19:24:32,2023-08-04 05:34:00,Michael,Reynolds,michael.reynolds@example.com,311 Price Knolls,North Michellestad,60710,opted_out,2023-03-10 14:52:53
307,2023-02-17 23:29:08,2023-08-03 17:58:26,Karen,Jones,karen.jones@example.com,30424 Jennifer Forge,Lindseyshire,54234,opted_out,2023-01-04 06:03:14
308,2022-08-12 06:29:09,2023-08-01 03:00:51,David,Clarke,david.clarke@example.com,583 Lisa Well Apt. 941,North Jenniferborough,55087,opted_in,
309,2021-12-06 11:00:36,2023-08-01 00:15:33,Sherri,Roman,sherri.roman@example.com,67909 Houston Cliff,Port Brittanymouth,49283,opted_out,2023-07-16 12:04:56
310,2022-12-28 22:20:43,2023-08-01 16:43:44,Andrew,Bradford,andrew.bradford@example.com,2118 Daniels Pass,New Kimberly,64469,opted_out,2023-04-01 07:49:25
311,2021-01-06 06:19:23,2023-08-02 17:34:30,Sandra,Brown,sandra.brown@example.com,57764 Moore Roads,Grayfort,31942,opted_in,
312,2020-03-20 04:49:40,2023-08-03 23:55:39,Angela,Le,angela.le@example.com,32680 Parker Ramp Apt. 285,New Dana,04903,opted_in,
313,2021-12-19 03:29:15,2023-08-01 17:03:44,Kristine,Reid,kristine.reid@example.com,74033 Green Views,East Whitneyfurt,10778,opted_in,
314,2022-10-21 02:29:39,2023-08-03 15:03:05,Johnny,Cain,johnny.cain@example.com,5138 Ronnie Forges Apt. 662,Scottstad,67669,opted_out,2023-01-24 11:39:20
315,2020-11-28 17:48:23,2023-08-04 09:10:16,Dylan,Mcconnell,dylan.mcconnell@example.com,05907 Donna Crossing Apt. 583,West Monica,74352,opted_in,
316,2022-10-30 19:56:34,2023-08-02 11:04:45,Ashley,Smith,ashley.smith@example.com,5794 Teresa Motorway,New Amyhaven,68793,opted_in,
317,2020-05-01 06:57:24,2023-08-02 18:33:58,Margaret,Barron,margaret.barron@example.com,97508 Melissa Garden Suite 201,Steinberg,68873,opted_out,2023-05-27 09:17:58
318,2021-11-15 06:43:06,2023-08-01 20:32:58,Paul,Allen,paul.allen@example.com,38029 Williams Expressway,Valenciaburgh,58292,opted_in,
319,2022-08-19 06:10:37,2023-08-01 11:48:21,Wendy,Adams,wendy.adams@example.com,892 Curtis Corner,Contreraston,37229,opted_out,2023-04-14 21:50:58
320,2021-11-15 04:51:56,2023-08-01 10:58:30,Brian,Gallagher,brian.gallagher@example.com,642 Williams Valleys,East Lukestad,76944,opted_out,2023-06-22 07:56:39
321,2021-10-23 02:56:48,2023-08-01 05:57:56,Erik,Stone,erik.stone@example.com,25777 Stacy Port,Anthonyview,12853,opted_out,2023-05-02 02:54:00
322,2021-11-13 05:10:34,2023-08-03 07:34:06,Chelsea,Burke,chelsea.burke@example.com,48205 Jill Crescent,Robinsonburgh,69334,opted_out,2023-04-04 04:03:51
323,2020-10-26 23:49:47,2023-08-03 16:00:29,Barbara,Kerr,barbara.kerr@example.com,9256 Jeff Hills,Collinport,55268,opted_out,2023-03-02 13:35:43
324,2022-05-02 10:32:29,2023-08-02 14:41:34,James,Lindsey,james.lindsey@example.com,24060 Moore Neck,Lake Jonathanborough,74011,opted_in,
325,2021-07-18 21:00:28,2023-08-02 11:46:52,Allison,Stone,allison.stone@example.com,549 Ramos Springs Apt. 797,Lake Kevinhaven,93925,opted_out,2023-06-28 01:45:47
326,2023-07-03 22:53:16,2023-08-01 01:50:44,Joshua,Morris,joshua.morris@example.com,0946 Jones Greens,Lake Thomasview,60074,opted_out,2023-07-24 12:15:23
327,2021-12-13 04:08:10,2023-08-01 20:11:04,Patricia,Beck,patricia.beck@example.com,25375 Grant Divide Suite 262,Michaelborough,72601,opted_in,
328,2020-05-08 22:38:22,2023-08-04 10:56:16,Shannon,Henderson,shannon.henderson@example.com,3265 Jordan Valleys Apt. 226,East Bryce,18193,opted_in,
329,2022-04-12 03:28:00,2023-08-04 14:26:26,Tanya,Morales,tanya.morales@example.com,905 Hampton Light Suite 251,South Sara,34580,opted_out,2023-01-03 19:48:46
330,2021-06-19 23:44:00,2023-08-01 23:11:58,Alan,Berger,alan.berger@example.com,506 Michelle Underpass Apt. 546,Port Samantha,29443,opted_out,2023-01-14 04:49:48
331,2021-11-16 13:51:27,2023-08-01 00:26:39,Jessica,Shelton,jessica.shelton@example.com,073 Bridget Row Suite 361,Elizabethmouth,77181,opted_out,2023-07-03 16:11:50
332,2020-08-25 03:13:54,2023-08-01 15:29:01,Vickie,Yates,vickie.yates@example.com,88348 Owens Port Apt. 795,Masonchester,80109,opted_in,
333,2020-08-08 04:50:14,2023-08-02 09:51:07,Denise,Hopkins,denise.hopkins@example.com,63294 Brian Island,Carterborough,66205,opted_out,2023-03-06 16:57:42
334,2020-03-11 23:11:00,2023-08-01 03:12:52,Sheila,Garrison,sheila.garrison@example.com,70098 Wallace Prairie Apt. 643,South Rayfort,80157,opted_in,
335,2021-08-23 22:48:04,2023-08-02 01:00:43,Cameron,West,cameron.west@example.com,07932 Moore Drive Apt. 745,Andersonfurt,44733,opted_out,2023-04-23 01:47:20
336,2020-01-31 19:49:59,2023-08-01 06:35:50,Madison,Wallace,madison.wallace@example.com,1272 Sharp Dale Suite 133,West Benjamin,60947,opted_in,
337,2022-08-04 12:11:28,2023-08-01 13:14:12,Rebecca,Bernard,rebecca.bernard@example.com,1039 Joan Drive Suite 435,South David,24580,opted_in,
338,2023-06-15 05:36:32,2023-08-02 09:45:28,Carol,Dixon,carol.dixon@example.com,8751 David Well,Hendersonview,24854,opted_in,
339,2021-09-04 03:04:46,2023-08-01 18:38:39,Meghan,Dixon,meghan.dixon@example.com,2123 Isaiah Course Apt. 391,Port Donaldchester,40892,opted_out,2023-03-10 19:40:37
340,2020-02-25 07:14:24,2023-08-03 19:27:03,Christy,Harris,christy.harris@example.com,6856 Jared Rapid,Lake Warrentown,83347,opted_out,2023-04-24 05:54:30
341,2023-04-20 20:13:32,2023-08-02 04:53:05,Diane,Schmidt,diane.schmidt@example.com,592 Griffin Club,North Reginald,00554,opted_out,2023-02-09 00:12:30
342,2021-05-21 20:36:38,2023-08-01 13:14:46,Justin,Newman,justin.newman@example.com,1079 Smith Grove Suite 806,Port Ericstad,34766,opted_out,2023-04-10 04:00:19
343,2023-07-17 01:30:26,2023-08-03 02:53:55,Heather,Scott,heather.scott@example.com,22095 Christina Light Suite 383,Lake Robert,74803,opted_in,
344,2020-01-28 04:20:08,2023-08-01 14:52:10,Sean,Barrett,sean.barrett@example.com,00953 Caitlyn Square,East Regina,41253,opted_in,
345,2023-06-17 01:38:18,2023-08-03 06:34:55,Robert,Robinson,robert.robinson@example.com,204 Smith Lights,Hudsonbury,63667,opted_out,2023-02-02 19:55:14
346,2023-01-21 09:26:20,2023-08-03 00:28:31,Ebony,Spencer,ebony.spencer@example.com,9288 Donna Run Apt. 231,Sallyland,87107,opted_out,2023-07-29 19:22:14
347,2022-06-12 04:42:30,2023-08-02 19:26:20,Kathryn,Kent,kathryn.kent@example.com,457 Keith Knolls Suite 983,West Wendymouth,12991,opted_out,2023-01-22 19:51:02
348,2020-05-23 00:44:37,2023-08-03 00:51:23,Cindy,Klein,cindy.klein@example.com,4612 April Fall Suite 731,North Amandaburgh,42659,opted_in,
349,2021-05-10 09:48:57,2023-08-04 06:01:05,Matthew,Graham,matthew.graham@example.com,57125 Martin Radial,Port Spencermouth,08140,opted_out,2023-01-06 12:30:10
350,2022-09-30 20:04:47,2023-08-03 23:32:41,Michelle,Ross,michelle.ross@example.com,3962 Powers Locks,North Kathryn,09667,opted_in,
351,2023-02-11 12:07:35,2023-08-02 02:24:12,Aaron,Smith,aaron.smith@example.com,50898 Lowe Tunnel Suite 711,Williamfort,53206,opted_in,
352,2021-07-18 22:34:47,2023-08-03 11:54:34,Monica,Melton,monica.melton@example.com,6946 Crawford Meadow,Cobbton,84684,opted_out,2023-02-15 19:54:59
353,2022-04-04 22:00:31,2023-08-03 00:33:58,Andrea,Parks,andrea.parks@example.com,3141 Christopher Valleys,Richardsonmouth,50572,opted_out,2023-08-01 14:34:36
354,2020-05-10 12:03:57,2023-08-01 02:58:29,Tonya,Fowler,tonya.fowler@example.com,94984 Boyd Burg Apt. 343,South Lauraton,88418,opted_out,2023-01-20 03:21:14
355,2022-01-20 00:06:48,2023-08-02 10:09:41,Ashley,Moore,ashley.moore@example.com,8028 Melissa Rapid Suite 206,New Geraldshire,19422,opted_in,
356,2022-02-23 03:25:26,2023-08-03 15:30:28,Carrie,Jenkins,carrie.jenkins@example.com,9682 Griffin Oval Suite 519,Steventown,42895,opted_out,2023-03-31 08:40:00
357,2021-03-01 02:08:15,2023-08-01 22:51:15,Alexander,Martinez,alexander.martinez@example.com,5692 Valerie Place,Nathanfort,18373,opted_in,
358,2020-11-16 10:42:56,2023-08-03 19:24:15,Victoria,Thomas,victoria.thomas@example.com,2900 Sara Knoll Suite 272,Campbellstad,76960,opted_in,
359,2022-03-26 01:28:56,2023-08-02 09:22:04,Charles,Chavez,charles.chavez@example.com,177 Larry Knolls,East Christopher,56946,opted_out,2023-07-30 18:28:09
360,2020-01-25 10:58:23,2023-08-03 08:18:35,Jason,Orozco,jason.orozco@example.com,0585 Becker Ford Apt. 986,Micheleside,89901,opted_out,2023-01-07 15:30:05
361,2023-02-08 17:43:33,2023-08-03 10:04:31,Natalie,Davis,natalie.davis@example.com,42529 Walton Summit Suite 057,Josephborough,73984,opted_out,2023-01-27 00:49:23
362,2023-03-02 18:07:39,2023-08-01 00:55:43,Danny,Cole,danny.cole@example.com,0409 Kevin Gateway,New Kerry,82561,opted_in,
363,2020-11-21 12:12:25,2023-08-04 12:20:11,Bridget,Doyle,bridget.doyle@example.com,0682 Thomas Walk Suite 937,Huertafort,18884,opted_out,2023-07-09 15:25:06
364,2022-03-09 05:42:15,2023-08-03 06:13:34,Whitney,Wells,whitney.wells@example.com,14921 Boyle Lights,New Veronicafort,65831,opted_in,
365,2022-06-15 22:01:40,2023-08-01 19:13:03,Karen,Avila,karen.avila@example.com,4569 Cook Extensions,Caitlinshire,68146,opted_out,2023-02-03 23:29:57
366,2022-05-13 00:17:26,2023-08-01 19:23:50,Becky,Hess,becky.hess@example.com,14256 Jeffrey Stravenue Suite 703,Perezchester,48135,opted_out,2023-01-31 22:23:38
367,2020-08-14 18:16:00,2023-08-03 12:40:51,David,Smith,david.smith@example.com,6056 King Drive,North Nathan,57206,opted_in,
368,2020-10-04 15:23:03,2023-08-03 05:29:20,Lindsay,Lambert,lindsay.lambert@example.com,537 Jean Groves Apt. 250,Lake Tara,18409,opted_out,2023-02-13 18:39:16
369,2021-01-14 21:07:49,2023-08-03 05:05:42,Heidi,Alexander,heidi.alexander@example.com,118 Tiffany Green Apt. 551,West Kelly,11630,opted_in,
370,2022-10-27 18:31:55,2023-08-03 06:15:21,Jonathan,Ramsey,jonathan.ramsey@example.com,82665 Mckenzie Harbor,South Cynthia,45687,opted_in,
371,2021-10-14 00:26:28,2023-08-03 23:06:53,Mckenzie,Robinson,mckenzie.robinson@example.com,482 Gregory Walk Suite 568,Weavermouth,90153,opted_out,2023-01-16 05:01:49
372,2022-01-10 19:44:37,2023-08-04 12:32:46,Christopher,Cherry,christopher.cherry@example.com,745 Lynn Burgs Apt. 888,New David,43033,opted_in,
373,2021-03-03 04:59:09,2023-08-03 08:04:44,Elizabeth,Moran,elizabeth.moran@example.com,85411 Barton Lake,Sherristad,60819,opted_in,
374,2021-12-24 06:04:50,2023-08-04 06:36:06,Michael,Mooney,michael.mooney@example.com,734 Jean Streets Apt. 344,North Alyssashire,10582,opted_in,
375,2023-01-26 02:29:53,2023-08-03 05:08:54,Kathleen,Manning,kathleen.manning@example.com,0760 Susan Green Suite 450,Port Annton,58911,opted_out,2023-03-18 08:40:02
376,2020-05-10 12:22:12,2023-08-03 07:01:32,Megan,Hall,megan.hall@example.com,064 Kenneth Ports,Wagnerport,64276,opted_out,2023-02-26 08:06:21
377,2022-07-08 22:39:04,2023-08-01 03:10:16,Donna,Stephens,donna.stephens@example.com,45901 George Divide Apt. 031,West Andrewhaven,20984,opted_in,
378,2022-02-01 22:56:11,2023-08-03 08:46:07,Rodney,Watts,rodney.watts@example.com,70632 Sherri Radial,South Joelport,78273,opted_in,
379,2020-09-04 20:56:51,2023-08-04 05:57:06,Teresa,Reed,teresa.reed@example.com,4559 Carlson Canyon Apt. 761,Hollowaymouth,62324,opted_out,2023-02-01 23:29:07
380,2020-07-10 11:40:06,2023-08-03 13:17:19,Andrea,Branch,andrea.branch@example.com,657 Justin Loaf Apt. 184,Whitakerport,94945,opted_in,
381,2022-10-18 20:59:49,2023-08-03 06:30:48,Samantha,Price,samantha.price@example.com,8635 Dean Crest,South Vickieton,69672,opted_out,2023-07-06 11:43:40
382,2021-11-27 12:43:33,2023-08-04 01:04:04,Benjamin,Bowen,benjamin.bowen@example.com,84924 Schultz Plains Suite 488,Lopezfurt,02002,opted_in,
383,2022-01-05 06:06:54,2023-08-01 14:58:20,Stephanie,Garcia,stephanie.garcia@example.com,6058 Robbins Courts,Jasonstad,73008,opted_in,
384,2022-01-18 06:23:56,2023-08-01 05:59:34,Frances,Wilson,frances.wilson@example.com,4522 Williams Vista,Lake Kelli,33530,opted_out,2023-03-08 15:15:29
385,2020-08-15 11:08:26,2023-08-01 03:34:47,Jason,Dudley,jason.dudley@example.com,11365 Chen Mill,Hudsonfort,48982,opted_out,2023-02-14 14:59:41
386,2020-12-12 19:54:01,2023-08-03 20:56:20,Martin,Hall,martin.hall@example.com,8276 Vega Turnpike Apt. 342,Lake Benjaminberg,50794,opted_out,2023-03-23 18:14:58
387,2023-07-23 20:29:22,2023-08-03 11:10:47,Haley,Dominguez,haley.dominguez@example.com,979 Misty Court,Port Dustin,80696,opted_out,2023-04-24 05:44:33
388,2020-11-03 01:14:11,2023-08-02 04:41:30,Erika,Miller,erika.miller@example.com,4308 Buchanan Rest Suite 165,Port Andreafort,66151,opted_out,2023-01-20 14:32:35
389,2020-03-08 06:11:40,2023-08-04 00:15:35,Breanna,Elliott,breanna.elliott@example.com,0340 Hays Walks,South Stephenchester,98862,opted_out,2023-06-04 01:40:09
390,2020-07-30 23:33:34,2023-08-03 20:07:55,Wanda,Graham,wanda.graham@example.com,543 Christine Path Suite 163,West Travis,03409,opted_out,2023-02-07 07:50:49
391,2020-04-07 11:45:36,2023-08-02 01:38:50,Stephanie,Adams,stephanie.adams@example.com,149 Taylor Turnpike,East George,61934,opted_out,2023-03-02 12:39:48
392,2021-04-13 01:49:13,2023-08-03 06:18:52,Joseph,Smith,joseph.smith@example.com,8912 Mcclure Point,East Frank,25785,opted_out,2023-07-18 01:10:37
393,2023-03-18 16:25:33,2023-08-04 11:37:55,Andrew,Dunn,andrew.dunn@example.com,8427 Christina Shore,East Jessicaport,60461,opted_out,2023-01-23 22:08:10
394,2021-06-17 06:38:33,2023-08-04 02:58:51,William,Thompson,william.thompson@example.com,956 Monica Crescent Apt. 777,East Loretta,21266,opted_in,
395,2022-03-15 20:05:30,2023-08-03 15:51:10,Stephen,Rogers,stephen.rogers@example.com,41584 English Plains Suite 053,Bradyview,49566,opted_out,2023-03-01 22:12:35
396,2021-03-25 05:32:28,2023-08-03 05:28:43,Brittany,Glover,brittany.glover@example.com,459 Heather Burgs,New John,65909,opted_out,2023-01-06 11:26:33
397,2020-01-02 09:37:39,2023-08-01 12:37:11,Victoria,Solomon,victoria.solomon@example.com,47824 Lloyd Roads,South Gregory,93264,opted_out,2023-07-21 00:28:53
398,2020-05-30 19:22:43,2023-08-03 09:16:24,Susan,Medina,susan.medina@example.com,1844 Amanda Flats,Meganchester,09537,opted_out,2023-01-08 17:45:43
399,2021-09-07 07:06:33,2023-08-01 04:07:37,Richard,Cruz,richard.cruz@example.com,82236 Jennifer Isle Suite 355,Cranetown,09821,opted_out,2023-04-22 21:40:19
400,2021-10-11 05:10:53,2023-08-04 13:51:07,Mark,Thomas,mark.thomas@example.com,8513 James Path Apt. 875,Port Kellyville,49055,opted_in,
401,2020-01-13 19:04:41,2023-08-04 13:39:47,Brian,Robles,brian.robles@example.com,4071 Stephanie Field,Dawsonview,63838,opted_in,
402,2021-12-17 08:16:17,2023-08-03 06:29:48,Joseph,Villanueva,joseph.villanueva@example.com,602 David Gateway,New Ashley,70787,opted_out,2023-01-05 19:36:47
403,2022-01-30 16:03:32,2023-08-03 15:18:54,Reginald,Lawson,reginald.lawson@example.com,27805 Howell Mall,Port Rebecca,04293,opted_out,2023-05-31 14:59:15
404,2023-01-25 08:40:59,2023-08-04 09:23:26,Heather,Andrade,heather.andrade@example.com,4613 Sean Springs Apt. 989,Gallagherstad,92046,opted_out,2023-07-29 13:18:53
405,2022-10-23 23:51:00,2023-08-02 08:27:34,Robert,Clark,robert.clark@example.com,94889 Jane Grove,Rhodesborough,73167,opted_in,
406,2020-02-18 18:31:40,2023-08-01 11:09:14,Jean,Huber,jean.huber@example.com,601 Claire Prairie Apt. 755,Smithmouth,03861,opted_in,
407,2022-04-30 20:58:56,2023-08-03 06:08:22,Steven,White,steven.white@example.com,5214 Wilkinson Lodge Suite 496,Kendrashire,98774,opted_out,2023-05-17 13:08:15
408,2021-12-22 13:04:22,2023-08-04 01:13:36,Wanda,Reyes,wanda.reyes@example.com,84874 Watson Road,Joneston,80584,opted_out,2023-05-25 01:26:36
409,2022-07-13 03:35:21,2023-08-01 09:56:16,Elizabeth,Morris,elizabeth.morris@example.com,138 Watson Manor,North Jonathanstad,16893,opted_in,
410,2021-08-15 14:13:36,2023-08-03 01:47:28,Eric,Sanchez,eric.sanchez@example.com,392 Stewart Plains Apt. 579,South Teresa,97888,opted_out,2023-01-16 07:27:08
411,2022-07-26 19:47:35,2023-08-04 01:35:15,Alan,Burgess,alan.burgess@example.com,6834 Christopher Manor Apt. 405,West Carlton,54552,opted_in,
412,2020-04-13 16:09:34,2023-08-02 04:37:41,Dustin,Heath,dustin.heath@example.com,527 Elizabeth Place Suite 166,Castilloburgh,60391,opted_out,2023-04-17 13:21:09
413,2022-10-29 23:44:29,2023-08-03 01:53:53,David,Rodriguez,david.rodriguez@example.com,33271 Wise Tunnel Apt. 447,Brownton,83751,opted_in,
414,2022-07-31 08:26:21,2023-08-03 02:10:38,Diane,Weiss,diane.weiss@example.com,51480 Bailey Keys Suite 197,Aliciaside,72084,opted_in,
415,2020-11-18 11:55:19,2023-08-02 11:52:36,Sheila,Monroe,sheila.monroe@example.com,8971 Karen Square,Lake Whitney,19410,opted_in,
416,2020-08-14 13:52:24,2023-08-03 18:57:26,Michael,Murphy,michael.murphy@example.com,85174 Brittany Junction,Lake Jessica,60799,opted_in,
417,2020-04-07 09:11:59,2023-08-01 17:10:00,Wayne,Williams,wayne.williams@example.com,98879 Kennedy Shore Apt. 125,Francisville,57653,opted_in,
418,2023-05-25 04:48:32,2023-08-01 01:41:55,Amber,Salazar,amber.salazar@example.com,9653 Patterson Oval,Jimside,15339,opted_in,
419,2020-10-10 09:47:58,2023-08-03 01:04:07,Lisa,Clayton,lisa.clayton@example.com,63616 Nicole Stravenue,Camposport,39713,opted_in,
420,2022-05-31 05:26:19,2023-08-01 01:18:24,Jeffrey,Grimes,jeffrey.grimes@example.com,814 Christopher Knolls Apt. 018,Allisonville,84055,opted_in,
421,2022-03-11 16:32:28,2023-08-01 22:24:16,Molly,Smith,molly.smith@example.com,20044 Tony Fields Suite 677,South Tylerfurt,07819,opted_out,2023-04-16 20:10:51
422,2021-06-28 18:46:45,2023-08-04 10:06:41,Timothy,Ramos,timothy.ramos@example.com,7073 Johnson Roads Apt. 057,South Ericberg,94725,opted_out,2023-06-06 16:08:05
423,2021-03-29 13:53:03,2023-08-03 20:41:46,Andrew,Jenkins,andrew.jenkins@example.com,730 Tina Causeway,Alyssaport,14339,opted_in,
424,2021-09-28 11:02:47,2023-08-01 23:24:36,Mark,Henderson,mark.henderson@example.com,04418 Miller Circle,Port Jenniferfurt,61330,opted_in,
425,2020-08-31 17:27:07,2023-08-02 04:46:54,Amber,Reed,amber.reed@example.com,9421 Ho Gardens Suite 700,West Sheilaberg,46400,opted_in,
426,2023-06-18 17:42:56,2023-08-02 00:14:06,Holly,Sanders,holly.sanders@example.com,38349 Jamie Route,South Huntermouth,85447,opted_out,2023-06-24 18:43:22
427,2020-03-27 23:17:53,2023-08-02 20:23:31,Brandi,Garcia,brandi.garcia@example.com,75431 Melissa Isle,Lake Nicholas,87322,opted_out,2023-03-29 09:17:49
428,2021-03-26 02:32:40,2023-08-03 11:59:18,Jennifer,Miller,jennifer.miller@example.com,20839 Thomas Ports,Rickton,97673,opted_out,2023-07-01 04:20:10
429,2023-07-19 16:17:48,2023-08-02 18:17:29,Robert,Fry,robert.fry@example.com,73785 Samantha Crossroad Suite 924,Josephhaven,44886,opted_in,
430,2021-02-27 12:45:02,2023-08-03 15:13:43,Diana,Rodriguez,diana.rodriguez@example.com,5759 Kimberly Forges Suite 586,North Brianborough,36693,opted_out,2023-07-25 12:16:29
431,2021-11-09 06:00:33,2023-08-03 13:14:31,James,Sanders,james.sanders@example.com,012 Greene Cliff,Lake Amanda,26438,opted_in,
432,2021-12-09 03:21:02,2023-08-03 02:30:20,Matthew,Smith,matthew.smith@example.com,1718 Amanda Land Suite 982,North Lisaville,60747,opted_in,
433,2020-01-02 06:42:32,2023-08-02 22:35:46,Paula,Chen,paula.chen@example.com,461 Christopher Road,Birdland,39361,opted_in,
434,2021-08-30 13:50:03,2023-08-01 11:10:27,Jacqueline,Serrano,jacqueline.serrano@example.com,683 James Ports Apt. 107,West Elizabethland,42103,opted_in,
435,2021-04-29 23:43:31,2023-08-01 09:48:24,Tyler,Johnson,tyler.johnson@example.com,06849 David Glen Apt. 434,Rileymouth,54600,opted_out,2023-06-01 13:03:08
436,2021-01-09 03:51:40,2023-08-02 15:52:58,Amanda,Hebert,amanda.hebert@example.com,8607 Kelly Cape,South Jenniferbury,02053,opted_in,
437,2020-05-18 21:01:03,2023-08-04 13:47:14,Richard,Cruz,richard.cruz@example.com,4886 Paul Forks Apt. 187,Port Daniel,61852,opted_in,
438,2023-02-21 21:02:43,2023-08-04 00:35:10,Jessica,Mcgrath,jessica.mcgrath@example.com,936 Johnson Mall Apt. 003,Mortonport,27430,opted_in,
439,2020-03-22 10:07:08,2023-08-04 07:09:16,Robert,Lopez,robert.lopez@example.com,850 Joseph Hills Suite 218,North Brian,13267,opted_out,2023-02-15 23:26:33
440,2023-05-12 17:50:16,2023-08-02 02:34:28,Laura,Mitchell,laura.mitchell@example.com,24455 Perez Extension Suite 295,Thomasborough,11958,opted_out,2023-06-17 06:02:22
441,2023-07-22 16:12:54,2023-08-04 12:05:17,Jacob,Edwards,jacob.edwards@example.com,428 Jessica Lodge Suite 785,Loganbury,23910,opted_in,
442,2022-04-18 07:13:23,2023-08-01 18:45:30,Michelle,King,michelle.king@example.com,47770 Christopher Drives,North Jenniferview,84131,opted_out,2023-03-20 15:25:59
443,2021-12-06 21:22:54,2023-08-02 04:09:00,Collin,Peters,collin.peters@example.com,382 Lawson Flats,Lake Matthew,18151,opted_out,2023-01-06 00:08:28
444,2020-07-17 17:23:34,2023-08-04 15:32:52,David,Shaw,david.shaw@example.com,595 Frank Route Apt. 813,Port Lucasstad,78411,opted_in,
445,2022-08-10 02:28:03,2023-08-04 09:15:19,Cheryl,Lee,cheryl.lee@example.com,0371 Nolan Islands Suite 000,Robertland,53786,opted_in,
446,2021-09-19 11:12:51,2023-08-04 01:12:53,Samuel,Meadows,samuel.meadows@example.com,837 Newman Port Apt. 313,New Robertville,74808,opted_out,2023-01-18 14:52:16
447,2021-08-29 03:52:13,2023-08-04 12:48:58,Yolanda,Maldonado,yolanda.maldonado@example.com,213 Cooper Way Apt. 589,North Debbie,65770,opted_out,2023-07-23 02:36:35
448,2021-04-05 22:24:56,2023-08-02 12:27:17,Kathleen,Pierce,kathleen.pierce@example.com,855 Brown Freeway Apt. 710,Jodyport,78949,opted_out,2023-02-03 02:59:24
449,2022-01-18 07:37:25,2023-08-04 13:28:19,Michael,Fischer,michael.fischer@example.com,0508 John Radial Apt. 512,South Jason,75148,opted_in,
450,2023-01-21 22:41:03,2023-08-04 01:06:53,Walter,Bailey,walter.bailey@example.com,69727 Perry Run Suite 652,Richardsonburgh,19950,opted_in,
451,2020-12-27 18:29:45,2023-08-01 01:27:58,Zachary,Hall,zachary.hall@example.com,5203 Denise Curve,West Patrickbury,62436,opted_in,
452,2023-02-15 01:12:25,2023-08-03 16:22:39,Lisa,Barrera,lisa.barrera@example.com,3974 Tina Road Suite 669,Rossfort,78999,opted_in,
453,2022-04-23 10:33:13,2023-08-02 11:48:17,Stanley,Buchanan,stanley.buchanan@example.com,759 Henry Parks Suite 547,Daviston,00868,opted_out,2023-07-21 00:38:17
454,2020-04-22 01:50:50,2023-08-03 16:08:32,Kyle,Richardson,kyle.richardson@example.com,05263 Rowe Court,Woodsborough,97833,opted_out,2023-02-08 17:41:17
455,2020-10-04 07:11:08,2023-08-01 14:39:09,Yolanda,Reed,yolanda.reed@example.com,31017 Washington Cliff,North Shelley,34848,opted_out,2023-05-09 20:53:04
456,2021-09-05 10:39:43,2023-08-04 16:15:19,Marissa,Page,marissa.page@example.com,95017 Schmidt Rapids Apt. 494,Stoneberg,37926,opted_in,
457,2020-07-22 17:36:44,2023-08-02 02:27:16,Brian,Copeland,brian.copeland@example.com,74132 Douglas Harbor Apt. 429,Adamville,81383,opted_in,
458,2022-12-17 18:19:39,2023-08-01 12:05:23,Cassandra,Wilson,cassandra.wilson@example.com,954 Ellis Circles,West Crystal,23159,opted_in,
459,2021-02-11 21:50:13,2023-08-02 11:05:29,Brenda,Joseph,brenda.joseph@example.com,599 Gary Station Suite 480,Hollystad,22575,opted_out,2023-05-27 22:18:42
460,2021-04-30 01:20:40,2023-08-01 17:40:49,Jerry,Padilla,jerry.padilla@example.com,96875 Lisa Junction Suite 442,Barnettfort,15501,opted_in,
461,2021-09-06 16:01:18,2023-08-02 15:49:05,Amber,Carter,amber.carter@example.com,44801 Mike Overpass Suite 577,East Markchester,88586,opted_out,2023-07-08 23:00:47
462,2022-10-08 21:20:50,2023-08-04 00:21:44,Shawn,Snyder,shawn.snyder@example.com,689 Graham Turnpike Suite 718,Robertberg,30057,opted_in,
463,2022-11-10 17:41:41,2023-08-03 18:11:37,Veronica,Woods,veronica.woods@example.com,83328 Joseph Shoal,Victoriachester,13862,opted_out,2023-05-04 07:57:21
464,2020-02-17 13:47:16,2023-08-01 01:59:01,Michele,Dunn,michele.dunn@example.com,6399 Harper Tunnel Suite 245,Kelseyburgh,46644,opted_out,2023-05-10 15:04:49
465,2020-03-18 00:44:45,2023-08-03 00:22:39,Linda,Coffey,linda.coffey@example.com,012 Amber Skyway Apt. 718,New Sarah,47984,opted_out,2023-07-02 03:34:04
466,2021-07-10 02:38:19,2023-08-04 04:20:42,Tiffany,Bell,tiffany.bell@example.com,331 Gonzalez Plains,North Katherinetown,68868,opted_in,
467,2022-11-29 17:22:22,2023-08-02 11:18:04,Lawrence,Wheeler,lawrence.wheeler@example.com,165 Eugene Circles Suite 295,Hopkinsville,87300,opted_out,2023-07-28 18:16:05
468,2022-10-13 22:07:57,2023-08-01 13:41:45,Melinda,Perez,melinda.perez@example.com,971 Amanda Highway Suite 917,Brandonberg,47627,opted_in,
469,2023-02-07 00:57:55,2023-08-01 12:57:09,Vincent,Morris,vincent.morris@example.com,8392 Le Row Apt. 613,North Michael,56944,opted_in,
470,2022-12-30 23:10:23,2023-08-03 21:25:55,Abigail,Harper,abigail.harper@example.com,2860 Mary Crossing,East Nicolefort,60943,opted_out,2023-05-31 00:21:26
471,2022-04-25 21:52:07,2023-08-03 07:38:29,Elizabeth,Fletcher,elizabeth.fletcher@example.com,400 Fletcher Drives,Melissafort,54350,opted_out,2023-06-28 01:47:27
472,2020-04-10 23:49:13,2023-08-03 19:13:48,Alexandra,Harvey,alexandra.harvey@example.com,37095 Yang Square,Elizabethshire,24821,opted_in,
473,2021-05-02 08:58:42,2023-08-03 03:47:36,Scott,Warner,scott.warner@example.com,835 Christina Village,South Michelle,66222,opted_out,2023-03-11 08:24:28
474,2021-07-09 09:16:18,2023-08-02 09:46:15,Michelle,Clark,michelle.clark@example.com,18088 Carey Locks Apt. 237,West Jeffery,23304,opted_in,
475,2023-01-20 07:40:19,2023-08-02 10:24:04,Briana,Elliott,briana.elliott@example.com,75617 Moody Brook Apt. 533,New Lisaburgh,14236,opted_in,
476,2020-08-30 13:06:14,2023-08-02 07:49:14,Nicole,Myers,nicole.myers@example.com,8184 Pedro Turnpike Apt. 628,South Maxview,66612,opted_out,2023-06-21 21:27:53
477,2021-01-25 21:55:59,2023-08-02 08:24:03,Ryan,Hernandez,ryan.hernandez@example.com,275 Wood Estate Apt. 704,New Jeromechester,52117,opted_out,2023-07-15 02:00:18
478,2020-11-12 16:20:10,2023-08-02 09:28:00,Christopher,Clarke,christopher.clarke@example.com,51676 Ryan Course Apt. 177,West Heathershire,93533,opted_out,2023-05-07 04:30:13
479,2021-11-27 13:10:58,2023-08-03 08:21:44,Rhonda,Brown,rhonda.brown@example.com,2653 Sydney Causeway,West Robertchester,17209,opted_out,2023-06-12 22:42:26
480,2023-07-01 06:35:42,2023-08-04 13:45:54,Russell,Singleton,russell.singleton@example.com,319 Jenna Gateway Suite 165,Port Jefffurt,47501,opted_out,2023-07-23 10:08:20
481,2022-08-26 01:09:52,2023-08-01 04:00:52,Jeremy,Crawford,jeremy.crawford@example.com,153 Mcdowell Courts Apt. 244,Williamfort,31239,opted_in,
482,2021-02-10 08:56:50,2023-08-03 10:20:40,Thomas,Martin,thomas.martin@example.com,74340 Matthew Port Suite 760,New Mary,20630,opted_out,2023-06-13 04:57:34
483,2021-10-06 04:58:48,2023-08-01 21:51:27,Angela,Lamb,angela.lamb@example.com,449 Jones Overpass Apt. 520,Erinburgh,71593,opted_in,
484,2020-11-26 11:00:38,2023-08-03 18:31:13,Bill,Carrillo,bill.carrillo@example.com,618 Christine Alley Suite 474,Lake Douglasburgh,55985,opted_out,2023-02-28 07:43:08
485,2020-01-22 07:31:36,2023-08-02 00:45:00,Nicole,Reynolds,nicole.reynolds@example.com,370 Walker Burgs Suite 080,Larrystad,10936,opted_out,2023-02-12 18:35:04
486,2022-02-20 11:05:39,2023-08-02 16:11:21,John,Daniels,john.daniels@example.com,35632 Tara Brooks Suite 945,Markbury,58713,opted_out,2023-03-19 20:13:44
487,2023-02-13 15:14:32,2023-08-01 08:06:11,Alexandra,Cannon,alexandra.cannon@example.com,985 George Dam Suite 399,Collinsfurt,96352,opted_in,
488,2023-01-16 05:16:13,2023-08-01 02:53:49,Crystal,Olsen,crystal.olsen@example.com,4499 Powers Ports,Loweryside,35645,opted_out,2023-05-01 02:29:36
489,2023-01-31 04:16:35,2023-08-01 23:28:42,Lindsey,Collins,lindsey.collins@example.com,13989 Hahn Path,Lake Victoriastad,77036,opted_out,2023-01-27 14:31:58
490,2020-09-17 05:00:53,2023-08-03 00:52:44,Steven,Vega,steven.vega@example.com,715 Chandler Green,West Annette,67769,opted_in,
491,2022-06-29 13:07:24,2023-08-03 17:44:33,Kevin,Forbes,kevin.forbes@example.com,760 Simpson Ville,Port Hannah,23671,opted_out,2023-04-29 22:43:21
492,2022-01-07 08:00:18,2023-08-02 16:51:38,Crystal,Smith,crystal.smith@example.com,78134 Gabrielle Port,East Susanville,11556,opted_out,2023-02-18 09:52:06
493,2022-02-04 10:34:43,2023-08-04 03:24:13,Derek,Gilbert,derek.gilbert@example.com,508 Lauren Islands,Annton,23372,opted_out,2023-01-11 10:43:28
494,2020-01-27 12:28:54,2023-08-01 23:59:55,Terri,Beck,terri.beck@example.com,0215 Ethan Mill Apt. 070,Gregmouth,53460,opted_in,
495,2020-05-31 09:24:03,2023-08-04 11:06:15,Christine,Brown,christine.brown@example.com,828 Kelly Landing Suite 412,Nicholasport,67692,opted_in,
496,2023-01-26 00:55:27,2023-08-01 14:10:37,Jennifer,Miller,jennifer.miller@example.com,74791 Charles Crescent Apt. 977,Mikaylahaven,61678,opted_out,2023-07-12 09:09:34
497,2021-11-23 17:41:21,2023-08-02 18:08:26,Heidi,Mora,heidi.mora@example.com,2939 Khan Inlet,West Christopherport,33944,opted_in,
498,2020-05-08 06:00:02,2023-08-04 05:56:21,Sonya,Wiggins,sonya.wiggins@example.com,98731 Mitchell Lights,Jacobhaven,60130,opted_in,
499,2020-08-08 09:21:25,2023-08-04 12:59:10,Eric,Martinez,eric.martinez@example.com,1396 Michael Street,Shirleyhaven,72427,opted_out,2023-04-29 11:39:56
500,2020-12-06 02:50:22,2023-08-01 19:51:58,Robert,Jackson,robert.jackson@example.com,863 Greene Passage,New Nicole,57736,opted_in,
